county,year,total_population,children_under_5,working_age,elderly_65plus,sex_ratio,dependency_ratio,child_dependency_ratio,elderly_dependency_ratio,pct_children,pct_elderly
Baringo,2024,297890.04,50481.18,139900.17,7610.99,0.0,41.52,36.08,5.44,16.95,2.55
Bomet,2024,411789.83,61392.16,208736.66,9492.66,0.0,33.96,29.41,4.55,14.91,2.31
Bungoma,2024,923758.24,141907.1,442270.67,23359.11,0.0,37.37,32.09,5.28,15.36,2.53
Busia,2024,425971.13,63534.41,208903.41,12678.73,0.0,36.48,30.41,6.07,14.92,2.98
Elgeyo-Marakwet,2024,188614.31,30309.44,92558.81,5203.91,0.0,38.37,32.75,5.62,16.07,2.76
Embu,2024,284652.2,34322.14,170418.23,11985.41,0.0,27.17,20.14,7.03,12.06,4.21
Garissa,2024,435470.07,76913.84,196802.8,4894.49,0.0,41.57,39.08,2.49,17.66,1.12
HomaBay,2024,531194.84,83524.07,255129.19,16706.13,0.0,39.29,32.74,6.55,15.72,3.15
Isiolo,2024,166005.72,30880.34,76245.62,3017.81,0.0,44.46,40.5,3.96,18.6,1.82
Kajiado,2024,665211.27,104675.68,378012.73,8845.12,0.0,30.03,27.69,2.34,15.74,1.33
Kakamega,2024,723794.39,103375.13,356659.33,22841.47,0.0,35.39,28.98,6.4,14.28,3.16
Kericho,2024,414605.44,59748.44,219322.83,9558.31,0.0,31.6,27.24,4.36,14.41,2.31
Kiambu,2024,1326270.87,172697.16,853400.14,27027.9,0.0,23.4,20.24,3.17,13.02,2.04
Kilifi,2024,737241.13,116951.41,374425.38,20033.87,0.0,36.59,31.23,5.35,15.86,2.72
Kirinyaga,2024,395081.18,43676.17,249832.29,17435.95,0.0,24.46,17.48,6.98,11.05,4.41
Kisii,2024,588314.31,76069.63,312099.03,18153.69,0.0,30.19,24.37,5.82,12.93,3.09
Kisumu,2024,571210.41,81392.19,304805.76,16002.88,0.0,31.95,26.7,5.25,14.25,2.8
Kitui,2024,510047.75,67286.27,262358.62,21584.39,0.0,33.87,25.65,8.23,13.19,4.23
Kwale,2024,449319.39,77473.24,217068.03,11960.97,0.0,41.2,35.69,5.51,17.24,2.66
Laikipia,2024,249871.47,37650.74,134584.47,8040.55,0.0,33.95,27.98,5.97,15.07,3.22
Lamu,2024,70598.45,11272.88,36300.38,1923.95,0.0,36.35,31.05,5.3,15.97,2.73
Machakos,2024,714928.08,88313.03,430583.33,24069.45,0.0,26.1,20.51,5.59,12.35,3.37
Makueni,2024,434717.92,51249.58,240081.69,20173.42,0.0,29.75,21.35,8.4,11.79,4.64
Mandera,2024,423938.13,99290.35,151645.88,3180.16,0.0,67.57,65.48,2.1,23.42,0.75
Marsabit,2024,229805.61,42546.24,99287.41,4336.11,0.0,47.22,42.85,4.37,18.51,1.89
Meru,2024,701432.77,91568.45,397380.37,26087.29,0.0,29.61,23.04,6.56,13.05,3.72
Migori,2024,570366.73,95610.35,267097.76,13101.16,0.0,40.7,35.8,4.91,16.76,2.3
Mombasa,2024,621571.01,86285.02,390643.1,8044.64,0.0,24.15,22.09,2.06,13.88,1.29
Murang'a,2024,458439.81,57588.68,263255.88,24557.72,0.0,31.2,21.88,9.33,12.56,5.36
Nairobi,2024,2460199.2,329249.78,1623476.33,20954.65,0.0,21.57,20.28,1.29,13.38,0.85
Nakuru,2024,1092731.9,160952.43,607775.12,23720.73,0.0,30.39,26.48,3.9,14.73,2.17
Nandi,2024,410501.86,58515.49,216204.86,10692.95,0.0,32.01,27.06,4.95,14.25,2.6
Narok,2024,621634.71,116073.0,276773.37,9654.1,0.0,45.43,41.94,3.49,18.67,1.55
Nyamira,2024,268648.59,33097.98,144798.08,8859.36,0.0,28.98,22.86,6.12,12.32,3.3
Nyandarua,2024,274946.07,36037.94,153817.71,9778.97,0.0,29.79,23.43,6.36,13.11,3.56
Nyeri,2024,325152.55,37330.91,199326.7,15876.08,0.0,26.69,18.73,7.96,11.48,4.88
Samburu,2024,159263.58,30749.15,68666.08,3150.33,0.0,49.37,44.78,4.59,19.31,1.98
Siaya,2024,487005.13,69034.75,242827.26,21074.49,0.0,37.11,28.43,8.68,14.18,4.33
TaitaTaveta,2024,157594.07,21857.65,88917.06,6061.49,0.0,31.4,24.58,6.82,13.87,3.85
TanaRiver,2024,296411.89,56436.39,132502.17,5601.75,0.0,46.82,42.59,4.23,19.04,1.89
Tharaka-Nithi,2024,146686.73,18160.86,83255.93,6720.54,0.0,29.89,21.81,8.07,12.38,4.58
TransNzoia,2024,464519.12,71876.38,229315.92,10716.73,0.0,36.02,31.34,4.67,15.47,2.31
Turkana,2024,428973.38,73868.68,199917.41,8346.23,0.0,41.12,36.95,4.17,17.22,1.95
UasinGishu,2024,579019.67,82073.94,327481.33,11032.35,0.0,28.43,25.06,3.37,14.17,1.91
Vihiga,2024,251931.97,33269.12,126373.03,12328.69,0.0,36.08,26.33,9.76,13.21,4.89
Wajir,2024,354287.06,69437.04,147570.13,2753.74,0.0,48.92,47.05,1.87,19.6,0.78
WestPokot,2024,325536.9,67986.37,134938.61,7079.34,0.0,55.63,50.38,5.25,20.88,2.17
Baringo,2025,692565.28,62301.32,404998.97,20573.86,90.68,20.46,15.38,5.08,9.0,2.97
Bomet,2025,953110.62,75536.85,584923.88,26176.62,89.24,17.39,12.91,4.48,7.93,2.75
Bungoma,2025,2107889.08,173590.37,1243146.67,60697.6,84.89,18.85,13.96,4.88,8.24,2.88
Busia,2025,963908.16,77635.19,576546.42,31841.27,82.08,18.99,13.47,5.52,8.05,3.3
Elgeyo-Marakwet,2025,438433.87,37148.7,265158.61,14446.49,90.1,19.46,14.01,5.45,8.47,3.3
Embu,2025,678320.89,42057.17,468474.92,31648.44,93.0,15.73,8.98,6.76,6.2,4.67
Garissa,2025,1054182.82,95970.36,596004.12,15783.99,101.13,18.75,16.1,2.65,9.1,1.5
HomaBay,2025,1169508.87,102407.27,676589.85,39980.39,81.02,21.04,15.14,5.91,8.76,3.42
Isiolo,2025,392485.12,37956.62,229266.56,8827.11,97.75,20.41,16.56,3.85,9.67,2.25
Kajiado,2025,1478314.27,128463.59,980482.26,24116.59,89.56,15.56,13.1,2.46,8.69,1.63
Kakamega,2025,1646361.47,126307.24,982640.85,59736.58,83.31,18.93,12.85,6.08,7.67,3.63
Kericho,2025,963939.56,73369.68,611039.69,26917.02,91.16,16.41,12.01,4.41,7.61,2.79
Kiambu,2025,2972754.3,211303.1,2146021.65,73680.43,88.72,13.28,9.85,3.43,7.11,2.48
Kilifi,2025,1645614.91,143404.4,999863.29,50385.72,83.96,19.38,14.34,5.04,8.71,3.06
Kirinyaga,2025,931983.29,53231.17,665976.43,45319.64,91.52,14.8,7.99,6.8,5.71,4.86
Kisii,2025,1308420.2,93109.6,806472.74,45473.31,83.48,17.18,11.55,5.64,7.12,3.48
Kisumu,2025,1292930.68,99428.15,818205.19,39805.02,85.91,17.02,12.15,4.86,7.69,3.08
Kitui,2025,1184876.77,82524.45,727738.31,54776.12,85.22,18.87,11.34,7.53,6.96,4.62
Kwale,2025,993368.55,95081.43,579937.41,30389.29,84.93,21.64,16.4,5.24,9.57,3.06
Laikipia,2025,582262.44,46231.35,372944.09,22092.38,90.65,18.32,12.4,5.92,7.94,3.79
Lamu,2025,171710.66,13903.98,109555.14,5349.32,101.93,17.57,12.69,4.88,8.1,3.12
Machakos,2025,1670077.89,108151.59,1153633.37,62485.89,93.1,14.79,9.37,5.42,6.48,3.74
Makueni,2025,1039485.25,62853.77,676651.72,51668.89,91.36,16.92,9.29,7.64,6.05,4.97
Mandera,2025,941513.83,119052.98,472965.62,10149.94,87.45,27.32,25.17,2.15,12.64,1.08
Marsabit,2025,557527.25,52482.06,318853.1,12340.42,101.23,20.33,16.46,3.87,9.41,2.21
Meru,2025,1632395.69,111984.13,1080307.17,67749.59,90.9,16.64,10.37,6.27,6.86,4.15
Migori,2025,1257873.07,116921.61,722121.53,32139.67,81.93,20.64,16.19,4.45,9.3,2.56
Mombasa,2025,1404230.93,105717.49,1007998.94,21110.43,93.92,12.58,10.49,2.09,7.53,1.5
Murang'a,2025,1086907.26,70451.4,720037.73,68879.23,90.86,19.35,9.78,9.57,6.48,6.34
Nairobi,2025,5460595.89,402857.08,4045378.41,57544.15,91.37,11.38,9.96,1.42,7.38,1.05
Nakuru,2025,2513609.85,197480.91,1646538.15,66145.81,90.19,16.01,11.99,4.02,7.86,2.63
Nandi,2025,961294.51,71717.19,608191.03,30078.49,90.38,16.74,11.79,4.95,7.46,3.13
Narok,2025,1385061.58,142598.47,772191.89,27074.75,87.64,21.97,18.47,3.51,10.3,1.95
Nyamira,2025,601837.37,40480.31,374112.7,22914.23,84.53,16.95,10.82,6.12,6.73,3.81
Nyandarua,2025,651532.18,44181.04,426840.71,27611.98,89.02,16.82,10.35,6.47,6.78,4.24
Nyeri,2025,772660.74,45719.33,536016.46,44856.56,90.43,16.9,8.53,8.37,5.92,5.81
Samburu,2025,359514.2,37766.52,197541.69,8244.72,89.62,23.29,19.12,4.17,10.5,2.29
Siaya,2025,1088958.71,84504.66,646514.92,50483.11,81.54,20.88,13.07,7.81,7.76,4.64
TaitaTaveta,2025,375666.29,26707.54,251040.23,16290.99,95.5,17.13,10.64,6.49,7.11,4.34
TanaRiver,2025,674281.05,69970.68,376991.35,15000.54,91.08,22.54,18.56,3.98,10.38,2.22
Tharaka-Nithi,2025,342835.09,22168.73,225804.89,17732.88,89.82,17.67,9.82,7.85,6.47,5.17
TransNzoia,2025,1070885.08,88261.89,647826.41,29136.97,87.68,18.12,13.62,4.5,8.24,2.72
Turkana,2025,1011051.29,90737.96,595374.96,20321.35,95.7,18.65,15.24,3.41,8.97,2.01
UasinGishu,2025,1339827.45,100468.22,891744.05,31044.59,90.98,14.75,11.27,3.48,7.5,2.32
Vihiga,2025,583849.02,40578.03,351132.6,33616.24,84.28,21.13,11.56,9.57,6.95,5.76
Wajir,2025,845843.23,85271.84,463803.46,9606.73,100.93,20.46,18.39,2.07,10.08,1.14
WestPokot,2025,716079.01,83502.6,383667.62,17268.34,84.56,26.27,21.76,4.5,11.66,2.41
